Model,RMSE,Alpha,L1_Ratio
OLS,51.72060301885641,,
Ridge,29.09711010746319,2.913566865941209,
Lasso,27.330328465647078,0.8518539040586521,
ElasticNet,28.55555531183608,0.2763944511858388,0.9
